ID,Time,Position(x),Position(y),Position(z),
1,0,0,0,0,
2,0,-0.25,0,0.81,
3,0,-0.17,0,5.45,
4,0,-0.37,0,3.64,
5,0,-10.27,0,5.11,
6,0,-10.41,0,3.31,
7,0,-10.48,0,1.12,
1,0.02,3.898167E-10,0,3.898167E-10,
2,0.02,-0.2407103,0,0.8192897,
3,0.02,-0.1685856,0,5.451414,
4,0.02,-0.3711853,0,3.638815,
5,0.02,-10.26853,0,5.111476,
6,0.02,-10.41078,0,3.309218,
7,0.02,-10.48069,0,1.119306,
1,0.04,3.898167E-10,0,3.898167E-10,
2,0.04,-0.2381698,0,0.8284969,
3,0.04,-0.1738461,0,5.45282,
4,0.04,-0.3790253,0,3.637641,
5,0.04,-10.26039,0,5.112944,
6,0.04,-10.40489,0,3.308444,
7,0.04,-10.47472,0,1.118612,
1,0.06,3.898167E-10,0,3.898167E-10,
2,0.06,-0.2333684,0,0.8466316,
3,0.06,-0.1843833,0,5.455616,
4,0.06,-0.3946812,0,3.635319,
5,0.06,-10.24413,0,5.115866,
6,0.06,-10.39309,0,3.306909,
7,0.06,-10.46278,0,1.117224,
1,0.08,3.898167E-10,0,3.898167E-10,
2,0.08,-0.2107077,0,0.8826256,
3,0.08,-0.19214,0,5.461194,
4,0.08,-0.4126255,0,3.630708,
5,0.08,-10.22497,0,5.121697,
6,0.08,-10.3828,0,3.303868,
7,0.08,-10.45222,0,1.114447,
1,0.09999999,3.898167E-10,0,3.898167E-10,
2,0.09999999,-0.170909,0,0.9357576,
3,0.09999999,-0.1971633,0,5.469504,
4,0.09999999,-0.4327712,0,3.623895,
5,0.09999999,-10.20294,0,5.130394,
6,0.09999999,-10.37396,0,3.299371,
7,0.09999999,-10.44305,0,1.110279,
1,0.12,3.898167E-10,0,3.898167E-10,
2,0.12,-0.1150735,0,1.004927,
3,0.12,-0.1995295,0,5.480471,
4,0.12,-0.4549842,0,3.615016,
5,0.12,-10.17811,0,5.141886,
6,0.12,-10.3665,0,3.293497,
7,0.12,-10.43528,0,1.104717,
1,0.14,3.898167E-10,0,3.898167E-10,
2,0.14,-0.04472498,0,1.088608,
3,0.14,-0.1993413,0,5.493992,
4,0.14,-0.4790844,0,3.604249,
5,0.14,-10.15058,0,5.156083,
6,0.14,-10.36032,0,3.286345,
7,0.14,-10.4289,0,1.09776,
1,0.16,3.898167E-10,0,3.898167E-10,
2,0.16,0.03821861,0,1.184885,
3,0.16,-0.1967229,0,5.509944,
4,0.16,-0.5048481,0,3.591818,
5,0.16,-10.12047,0,5.172867,
6,0.16,-10.3553,0,3.278037,
7,0.16,-10.42392,0,1.089407,
1,0.18,3.898167E-10,0,3.898167E-10,
2,0.18,0.1315771,0,1.291577,
3,0.18,-0.1918157,0,5.528185,
4,0.18,-0.5320134,0,3.577986,
5,0.18,-10.08789,0,5.192109,
6,0.18,-10.35129,0,3.26871,
7,0.18,-10.42034,0,1.079658,
1,0.2,3.898167E-10,0,3.898167E-10,
2,0.2,0.2331069,0,1.40644,
3,0.2,-0.1847726,0,5.548562,
4,0.2,-0.5602896,0,3.563044,
5,0.2,-10.05301,0,5.21366,
6,0.2,-10.34816,0,3.258511,
7,0.2,-10.41815,0,1.068514,
1,0.22,3.898167E-10,0,3.898167E-10,
2,0.22,0.3406974,0,1.527364,
3,0.22,-0.1757526,0,5.570915,
4,0.22,-0.5893722,0,3.547294,
5,0.22,-10.01597,0,5.237365,
6,0.22,-10.34574,0,3.247596,
7,0.22,-10.41736,0,1.055977,
1,0.24,3.898167E-10,0,3.898167E-10,
2,0.24,0.3761624,0,1.65251,
3,0.24,-0.1649158,0,5.595085,
4,0.24,-0.6189652,0,3.531034,
5,0.24,-9.976935,0,5.263065,
6,0.24,-10.34388,0,3.23612,
7,0.24,-10.41795,0,1.042052,
1,0.26,3.898167E-10,0,3.898167E-10,
2,0.26,0.3661283,0,1.780419,
3,0.26,-0.1524184,0,5.620915,
4,0.26,-0.6486899,0,3.514643,
5,0.26,-9.936072,0,5.290596,
6,0.26,-10.34243,0,3.22424,
7,0.26,-10.41992,0,1.026745,
1,0.28,3.898167E-10,0,3.898167E-10,
2,0.28,0.3617161,0,1.909925,
3,0.28,-0.1384083,0,5.648259,
4,0.28,-0.6780671,0,3.4986,
5,0.28,-9.893538,0,5.319796,
6,0.28,-10.34123,0,3.212104,
7,0.28,-10.42326,0,1.010068,
1,0.3,3.898167E-10,0,3.898167E-10,
2,0.3,0.3604649,0,2.039994,
3,0.3,-0.1230224,0,5.676978,
4,0.3,-0.7065901,0,3.48341,
5,0.3,-9.849488,0,5.350512,
6,0.3,-10.34015,0,3.199853,
7,0.3,-10.42797,0,0.9920317,
1,0.32,3.898167E-10,0,3.898167E-10,
2,0.32,0.3599477,0,2.169705,
3,0.32,-0.1063839,0,5.70695,
4,0.32,-0.7337423,0,3.469591,
5,0.32,-9.804072,0,5.382595,
6,0.32,-10.33905,0,3.187618,
7,0.32,-10.43401,0,0.9726532,
1,0.34,3.898167E-10,0,3.898167E-10,
2,0.34,0.3584586,0,2.298242,
3,0.34,-0.08860059,0,5.738066,
4,0.34,-0.7590198,0,3.457647,
5,0.34,-9.75743,0,5.415904,
6,0.34,-10.33782,0,3.175515,
7,0.34,-10.44138,0,0.9519519,
1,0.36,3.898167E-10,0,3.898167E-10,
2,0.36,0.3567725,0,2.361569,
3,0.36,-0.0791822,0,5.754151,
4,0.36,-0.7704893,0,3.452844,
5,0.36,-9.733561,0,5.433106,
6,0.36,-10.33708,0,3.169583,
7,0.36,-10.44571,0,0.9409515,
1,0.38,3.898167E-10,0,3.898167E-10,
2,0.38,0.3409625,0,2.359092,
3,0.38,-0.09155201,0,5.755115,
4,0.38,-0.7813181,0,3.455348,
5,0.38,-9.71925,0,5.434083,
6,0.38,-10.32347,0,3.169864,
7,0.38,-10.43364,0,0.9396935,
1,0.4,3.898167E-10,0,3.898167E-10,
2,0.4,0.322673,0,2.354136,
3,0.4,-0.102957,0,5.757043,
4,0.4,-0.7895941,0,3.460406,
5,0.4,-9.703964,0,5.436036,
6,0.4,-10.30957,0,3.17043,
7,0.4,-10.42282,0,0.9371809,
1,0.42,3.898167E-10,0,3.898167E-10,
2,0.42,0.3018935,0,2.34669,
3,0.42,-0.1133932,0,5.75994,
4,0.42,-0.7952952,0,3.468038,
5,0.42,-9.687704,0,5.438962,
6,0.42,-10.29538,0,3.17128,
7,0.42,-10.41324,0,0.9334204,
1,0.44,3.898167E-10,0,3.898167E-10,
2,0.44,0.2786054,0,2.336735,
3,0.44,-0.1228539,0,5.763813,
4,0.44,-0.7983896,0,3.478277,
5,0.44,-9.670475,0,5.442857,
6,0.44,-10.28092,0,3.172407,
7,0.44,-10.40491,0,0.9284224,
1,0.46,3.898167E-10,0,3.898167E-10,
2,0.46,0.2527834,0,2.324246,
3,0.46,-0.1313292,0,5.768671,
4,0.46,-0.7988374,0,3.491163,
5,0.46,-9.652285,0,5.447715,
6,0.46,-10.26619,0,3.173806,
7,0.46,-10.3978,0,0.9222016,
1,0.48,3.898167E-10,0,3.898167E-10,
2,0.48,0.2243997,0,2.309196,
3,0.48,-0.1388059,0,5.774528,
4,0.48,-0.7965953,0,3.506738,
5,0.48,-9.633139,0,5.453528,
6,0.48,-10.2512,0,3.175467,
7,0.48,-10.39189,0,0.9147761,
1,0.5,3.898167E-10,0,3.898167E-10,
2,0.5,0.1934282,0,2.291557,
3,0.5,-0.1452672,0,5.7814,
4,0.5,-0.791621,0,3.525046,
5,0.5,-9.613047,0,5.460287,
6,0.5,-10.23595,0,3.177379,
7,0.5,-10.38716,0,0.906168,
1,0.52,3.898167E-10,0,3.898167E-10,
2,0.52,0.1598512,0,2.271314,
3,0.52,-0.1506921,0,5.789309,
4,0.52,-0.7838798,0,3.54612,
5,0.52,-9.59202,0,5.467981,
6,0.52,-10.22047,0,3.179529,
7,0.52,-10.3836,0,0.8964024,
1,0.54,3.898167E-10,0,3.898167E-10,
2,0.54,0.1236668,0,2.248463,
3,0.54,-0.1550556,0,5.798279,
4,0.54,-0.7733531,0,3.56998,
5,0.54,-9.57007,0,5.476598,
6,0.54,-10.20476,0,3.181904,
7,0.54,-10.38116,0,0.8855074,
1,0.56,3.898167E-10,0,3.898167E-10,
2,0.56,0.1042828,0,2.235745,
3,0.56,-0.1566915,0,5.803309,
4,0.56,-0.7667006,0,3.5833,
5,0.56,-9.558641,0,5.48136,
6,0.56,-10.1968,0,3.183195,
7,0.56,-10.38049,0,0.8795107,
1,0.58,3.898167E-10,0,3.898167E-10,
2,0.58,0.08842489,0,2.233221,
3,0.58,-0.1688958,0,5.804439,
4,0.58,-0.7773389,0,3.585995,
5,0.58,-9.544415,0,5.482253,
6,0.58,-10.18329,0,3.183371,
7,0.58,-10.36823,0,0.878441,
1,0.6,3.898167E-10,0,3.898167E-10,
2,0.6,0.07004733,0,2.228176,
3,0.6,-0.1799694,0,5.806698,
4,0.6,-0.7852534,0,3.591413,
5,0.6,-9.529297,0,5.484038,
6,0.6,-10.1696,0,3.183729,
7,0.6,-10.35703,0,0.8763049,
1,0.62,3.898167E-10,0,3.898167E-10,
2,0.62,0.04916409,0,2.220627,
3,0.62,-0.189907,0,5.810094,
4,0.62,-0.7904526,0,3.599548,
5,0.62,-9.513288,0,5.486713,
6,0.62,-10.15573,0,3.184266,
7,0.62,-10.34689,0,0.8731069,
1,0.64,3.898167E-10,0,3.898167E-10,
2,0.64,0.03748149,0,2.215611,
3,0.64,-0.1943033,0,5.812364,
4,0.64,-0.7917028,0,3.604964,
5,0.64,-9.504842,0,5.488493,
6,0.64,-10.14871,0,3.184623,
7,0.64,-10.34235,0,0.8709807,
1,0.66,3.898167E-10,0,3.898167E-10,
2,0.66,0.02170233,0,2.213165,
3,0.66,-0.2064781,0,5.813523,
4,0.66,-0.8023959,0,3.607605,
5,0.66,-9.490628,0,5.489373,
6,0.66,-10.13521,0,3.18479,
7,0.66,-10.33006,0,0.8699343,
1,0.68,3.898167E-10,0,3.898167E-10,
2,0.68,0.01259262,0,2.210722,
3,0.68,-0.2119854,0,5.814682,
4,0.68,-0.80641,0,3.610257,
5,0.68,-9.483082,0,5.490252,
6,0.68,-10.12837,0,3.184958,
7,0.68,-10.32444,0,0.8688894,
1,0.7,3.898167E-10,0,3.898167E-10,
2,0.7,0.004714131,0,2.20951,
3,0.7,-0.2180692,0,5.815265,
4,0.7,-0.811765,0,3.611569,
5,0.7,-9.475977,0,5.490691,
6,0.7,-10.12162,0,3.18504,
7,0.7,-10.3183,0,0.868369,
1,0.72,3.898167E-10,0,3.898167E-10,
2,0.72,-0.01103725,0,2.207092,
3,0.72,-0.2302352,0,5.816432,
4,0.72,-0.8224794,0,3.614188,
5,0.72,-9.461767,0,5.491566,
6,0.72,-10.10813,0,3.185204,
7,0.72,-10.306,0,0.8673295,
1,0.74,3.898167E-10,0,3.898167E-10,
2,0.74,-0.02011916,0,2.204677,
3,0.74,-0.2357336,0,5.8176,
4,0.74,-0.8265155,0,3.616818,
5,0.74,-9.454225,0,5.492442,
6,0.74,-10.1013,0,3.18537,
7,0.74,-10.30037,0,0.8662915,
1,0.76,3.898167E-10,0,3.898167E-10,
2,0.76,-0.03584801,0,2.202281,
3,0.76,-0.2478926,0,5.818774,
4,0.76,-0.8372481,0,3.619419,
5,0.76,-9.440019,0,5.493314,
6,0.76,-10.0878,0,3.185531,
7,0.76,-10.28807,0,0.8652576,
1,0.78,3.898167E-10,0,3.898167E-10,
2,0.78,-0.04490741,0,2.199888,
3,0.78,-0.253384,0,5.81995,
4,0.78,-0.841303,0,3.622031,
5,0.78,-9.43248,0,5.494186,
6,0.78,-10.08097,0,3.185694,
7,0.78,-10.28244,0,0.8642252,
1,0.8,3.898167E-10,0,3.898167E-10,
2,0.8,-0.0606135,0,2.197516,
3,0.8,-0.265536,0,5.821131,
4,0.8,-0.852055,0,3.624612,
5,0.8,-9.418278,0,5.495056,
6,0.8,-10.06748,0,3.185853,
7,0.8,-10.27014,0,0.8631967,
1,0.82,3.898167E-10,0,3.898167E-10,
2,0.82,-0.07868679,0,2.192776,
3,0.82,-0.276505,0,5.823495,
4,0.82,-0.8602043,0,3.629796,
5,0.82,-9.403206,0,5.496795,
6,0.82,-10.05382,0,3.186175,
7,0.82,-10.25886,0,0.8611427,
1,0.84,3.898167E-10,0,3.898167E-10,
2,0.84,-0.08889837,0,2.189231,
3,0.84,-0.2813956,0,5.825272,
4,0.84,-0.8629856,0,3.633682,
5,0.84,-9.395237,0,5.498097,
6,0.84,-10.04691,0,3.186418,
7,0.84,-10.25373,0,0.8596051,
1,0.86,3.898167E-10,0,3.898167E-10,
2,0.86,-0.1045509,0,2.186912,
3,0.86,-0.293532,0,5.826468,
4,0.86,-0.8737846,0,3.636216,
5,0.86,-9.381041,0,5.498959,
6,0.86,-10.03343,0,3.186572,
7,0.86,-10.24141,0,0.8585887,
1,0.88,3.898167E-10,0,3.898167E-10,
2,0.88,-0.113534,0,2.184595,
3,0.88,-0.299001,0,5.827666,
4,0.88,-0.8779074,0,3.63876,
5,0.88,-9.373512,0,5.499821,
6,0.88,-10.0266,0,3.186728,
7,0.88,-10.23576,0,0.8575738,
1,0.9,3.898167E-10,0,3.898167E-10,
2,0.9,-0.1291631,0,2.182299,
3,0.9,-0.3111308,0,5.82887,
4,0.9,-0.8887289,0,3.641272,
5,0.9,-9.35932,0,5.50068,
6,0.9,-10.01312,0,3.18688,
7,0.9,-10.22344,0,0.8565627,
1,0.92,3.898167E-10,0,3.898167E-10,
2,0.92,-0.1381228,0,2.180006,
3,0.92,-0.3165932,0,5.830074,
4,0.92,-0.8928744,0,3.643793,
5,0.92,-9.351794,0,5.501539,
6,0.92,-10.0063,0,3.187034,
7,0.92,-10.21778,0,0.855553,
1,0.94,3.898167E-10,0,3.898167E-10,
2,0.94,-0.1537287,0,2.177734,
3,0.94,-0.3287164,0,5.831285,
4,0.94,-0.903719,0,3.646282,
5,0.94,-9.337605,0,5.502396,
6,0.94,-9.992816,0,3.187184,
7,0.94,-10.20545,0,0.8545471,
1,0.96,3.898167E-10,0,3.898167E-10,
2,0.96,-0.1626653,0,2.175464,
3,0.96,-0.3341722,0,5.832495,
4,0.96,-0.9078881,0,3.648779,
5,0.96,-9.330083,0,5.503251,
6,0.96,-9.985997,0,3.187335,
7,0.96,-10.19979,0,0.8535427,
1,0.98,3.898167E-10,0,3.898167E-10,
2,0.98,-0.1704567,0,2.174339,
3,0.98,-0.3402306,0,5.833104,
4,0.98,-0.9133223,0,3.650012,
5,0.98,-9.322989,0,5.503677,
6,0.98,-9.979257,0,3.187409,
7,0.98,-10.19362,0,0.8530423,
1,1,3.898167E-10,0,3.898167E-10,
2,1,-0.1782454,0,2.173217,
3,1,-0.3462882,0,5.833713,
4,1,-0.9187596,0,3.651241,
5,1,-9.315897,0,5.504104,
6,1,-9.972516,0,3.187483,
7,1,-10.18746,0,0.8525426,
1,1.02,3.898167E-10,0,3.898167E-10,
2,1.02,-0.1938177,0,2.170978,
3,1.02,-0.3584019,0,5.834932,
4,1.02,-0.9296402,0,3.653694,
5,1.02,-9.301712,0,5.504955,
6,1.02,-9.959037,0,3.18763,
7,1.02,-10.17512,0,0.8515443,
1,1.04,3.898167E-10,0,3.898167E-10,
2,1.04,-0.2027208,0,2.168742,
3,1.04,-0.3638481,0,5.836153,
4,1.04,-0.9338459,0,3.656155,
5,1.04,-9.294194,0,5.505806,
6,1.04,-9.952221,0,3.187779,
7,1.04,-10.16945,0,0.8505476,
1,1.06,3.898167E-10,0,3.898167E-10,
2,1.06,-0.2104957,0,2.167634,
3,1.06,-0.3699018,0,5.836765,
4,1.06,-0.9392986,0,3.657369,
5,1.06,-9.287104,0,5.50623,
6,1.06,-9.945482,0,3.187851,
7,1.06,-10.16328,0,0.850051,
1,1.08,3.898167E-10,0,3.898167E-10,
2,1.08,-0.2182681,0,2.166528,
3,1.08,-0.3759547,0,5.837379,
4,1.08,-0.9447545,0,3.65858,
5,1.08,-9.280013,0,5.506654,
6,1.08,-9.938744,0,3.187923,
7,1.08,-10.15711,0,0.8495551,
1,1.1,3.898167E-10,0,3.898167E-10,
2,1.1,-0.2338078,0,2.164321,
3,1.1,-0.3880591,0,5.838608,
4,1.1,-0.9556725,0,3.660995,
5,1.1,-9.265834,0,5.507501,
6,1.1,-9.925266,0,3.188067,
7,1.1,-10.14477,0,0.8485645,
1,1.12,3.898167E-10,0,3.898167E-10,
2,1.12,-0.2426785,0,2.162117,
3,1.12,-0.3934961,0,5.839838,
4,1.12,-0.9599163,0,3.663418,
5,1.12,-9.258321,-2.384186E-07,5.508348,
6,1.12,-9.918453,-2.384186E-07,3.188213,
7,1.12,-10.13909,-2.384186E-07,0.8475754,
1,1.14,3.898167E-10,0,3.898167E-10,
2,1.14,-0.2504374,0,2.161025,
3,1.14,-0.3995452,0,5.840456,
4,1.14,-0.9653881,0,3.664613,
5,1.14,-9.251745,-1.788139E-07,5.506205,
6,1.14,-9.912229,-1.788139E-07,3.18572,
7,1.14,-10.13343,-1.788139E-07,0.8445185,
1,1.16,3.898167E-10,0,3.898167E-10,
2,1.16,-0.258194,0,2.159935,
3,1.16,-0.4055936,0,5.841074,
4,1.16,-0.9708632,0,3.665804,
5,1.16,-9.24517,-1.788139E-07,5.504063,
6,1.16,-9.906004,-1.788139E-07,3.183227,
7,1.16,-10.12777,-1.788139E-07,0.8414622,
1,1.18,3.898167E-10,0,3.898167E-10,
2,1.18,-0.2737025,0,2.15776,
3,1.18,-0.417689,0,5.842312,
4,1.18,-0.9818199,0,3.668181,
5,1.18,-9.23202,-1.788139E-07,5.499777,
6,1.18,-9.893555,-1.788139E-07,3.17824,
7,1.18,-10.11645,-1.788139E-07,0.8353509,
1,1.2,3.898167E-10,0,3.898167E-10,
2,1.2,-0.282542,0,2.155587,
3,1.2,-0.423117,0,5.843551,
4,1.2,-0.9861029,0,3.670565,
5,1.2,-9.225025,-1.788139E-07,5.498055,
6,1.2,-9.887259,-1.788139E-07,3.175817,
7,1.2,-10.11128,-1.788139E-07,0.8318026,
1,1.22,3.898167E-10,0,3.898167E-10,
2,1.22,-0.2902857,0,2.15451,
3,1.22,-0.4291617,0,5.844172,
4,1.22,-0.9915944,0,3.67174,
5,1.22,-9.218451,-1.788139E-07,5.49591,
6,1.22,-9.881036,-1.788139E-07,3.173322,
7,1.22,-10.10561,-1.788139E-07,0.8287494,
1,1.24,3.898167E-10,0,3.898167E-10,
2,1.24,-0.2980272,0,2.153435,
3,1.24,-0.4352058,0,5.844795,
4,1.24,-0.9970892,0,3.672912,
5,1.24,-9.211879,-1.788139E-07,5.493765,
6,1.24,-9.874813,-1.788139E-07,3.170827,
7,1.24,-10.09995,-1.788139E-07,0.8256968,
1,1.26,3.898167E-10,0,3.898167E-10,
2,1.26,-0.3135057,0,2.15129,
3,1.26,-0.4472924,0,5.846042,
4,1.26,-1.008086,0,3.675249,
5,1.26,-9.198733,-1.788139E-07,5.489475,
6,1.26,-9.862368,-1.788139E-07,3.165837,
7,1.26,-10.08861,-1.788139E-07,0.819593,
1,1.28,3.898167E-10,0,3.898167E-10,
2,1.28,-0.3223155,0,2.149147,
3,1.28,-0.4527118,0,5.847289,
4,1.28,-1.012409,0,3.677592,
5,1.28,-9.191742,-1.788139E-07,5.487748,
6,1.28,-9.856075,-1.788139E-07,3.163411,
7,1.28,-10.08344,-1.788139E-07,0.816052,
1,1.3,3.898167E-10,0,3.898167E-10,
2,1.3,-0.3377737,0,2.147022,
3,1.3,-0.4647928,0,5.848541,
4,1.3,-1.023432,0,3.679902,
5,1.3,-9.1786,-5.960464E-08,5.483455,
6,1.3,-9.843632,-5.960464E-08,3.15842,
7,1.3,-10.0721,-5.960464E-08,0.8099529,
1,1.32,3.898167E-10,0,3.898167E-10,
2,1.32,-0.3465633,0,2.144899,
3,1.32,-0.4702066,0,5.849794,
4,1.32,-1.027783,0,3.682218,
5,1.32,-9.171612,2.384186E-07,5.481725,
6,1.32,-9.837341,2.384186E-07,3.155992,
7,1.32,-10.06692,2.384186E-07,0.8064168,
1,1.34,3.898167E-10,0,3.898167E-10,
2,1.34,-0.3542826,0,2.143847,
3,1.34,-0.4762443,0,5.850423,
4,1.34,-1.033308,0,3.683359,
5,1.34,-9.166502,2.384186E-07,5.477407,
6,1.34,-9.83258,2.384186E-07,3.151325,
7,1.34,-10.06271,2.384186E-07,0.8012001,
1,1.36,3.898167E-10,0,3.898167E-10,
2,1.36,-0.3697173,0,2.141745,
3,1.36,-0.4883186,0,5.851682,
4,1.36,-1.044365,0,3.685635,
5,1.36,-9.156282,2.384186E-07,5.468771,
6,1.36,-9.823056,2.384186E-07,3.141992,
7,1.36,-10.05428,2.384186E-07,0.7907677,
1,1.38,3.898167E-10,0,3.898167E-10,
2,1.38,-0.3784834,0,2.139646,
3,1.38,-0.4937255,0,5.852942,
4,1.38,-1.048751,0,3.687917,
5,1.38,-9.150758,2.384186E-07,5.464867,
6,1.38,-9.81823,2.384186E-07,3.137391,
7,1.38,-10.05056,2.384186E-07,0.7850658,
1,1.4,3.898167E-10,0,3.898167E-10,
2,1.4,-0.3938992,0,2.137563,
3,1.4,-0.5057944,0,5.854207,
4,1.4,-1.059836,0,3.690165,
5,1.4,-9.140542,-3.576279E-07,5.456228,
6,1.4,-9.808708,-3.576279E-07,3.128056,
7,1.4,-10.04213,-3.576279E-07,0.7746382,
1,1.42,3.898167E-10,0,3.898167E-10,
2,1.42,-0.4026465,0,2.135483,
3,1.42,-0.5111961,0,5.855472,
4,1.42,-1.064249,0,3.692418,
5,1.42,-9.13502,0,5.452322,
6,1.42,-9.803884,0,3.123452,
7,1.42,-10.0384,0,0.7689409,
1,1.44,3.898167E-10,0,3.898167E-10,
2,1.44,-0.4180439,0,2.133419,
3,1.44,-0.5232598,0,5.856741,
4,1.44,-1.075362,0,3.694638,
5,1.44,-9.12917,-4.768372E-07,5.440796,
6,1.44,-9.798728,-4.768372E-07,3.111233,
7,1.44,-10.03433,-4.768372E-07,0.7556353,
1,1.46,3.898167E-10,0,3.898167E-10,
2,1.46,-0.426773,0,2.131356,
3,1.46,-0.5286564,0,5.858011,
4,1.46,-1.079803,0,3.696864,
5,1.46,-9.125834,0,5.435446,
6,1.46,-9.796088,0,3.105185,
7,1.46,-10.03277,0,0.7484998,
1,1.48,3.898167E-10,0,3.898167E-10,
2,1.48,-0.4344628,0,2.130333,
3,1.48,-0.5346858,0,5.858648,
4,1.48,-1.085373,0,3.69796,
5,1.48,-9.125478,5.960464E-08,5.42919,
6,1.48,-9.79608,5.960464E-08,3.098583,
7,1.48,-10.03331,5.960464E-08,0.7413579,
1,1.5,3.898167E-10,0,3.898167E-10,
2,1.5,-0.4421511,0,2.129311,
3,1.5,-0.5407146,0,5.859286,
4,1.5,-1.090948,0,3.699053,
5,1.5,-9.125123,5.960464E-08,5.422934,
6,1.5,-9.796071,5.960464E-08,3.091981,
7,1.5,-10.03384,5.960464E-08,0.7342166,
1,1.52,3.898167E-10,0,3.898167E-10,
2,1.52,-0.4498379,0,2.128291,
3,1.52,-0.5467429,0,5.859925,
4,1.52,-1.096525,0,3.700142,
5,1.52,-9.124768,5.960464E-08,5.416678,
6,1.52,-9.796062,5.960464E-08,3.085378,
7,1.52,-10.03437,5.960464E-08,0.7270758,
1,1.54,3.898167E-10,0,3.898167E-10,
2,1.54,-0.4575231,0,2.127273,
3,1.54,-0.5527705,0,5.860564,
4,1.54,-1.102106,0,3.701227,
5,1.54,-9.124414,5.960464E-08,5.410421,
6,1.54,-9.796054,5.960464E-08,3.078776,
7,1.54,-10.0349,5.960464E-08,0.7199357,
1,1.56,3.898167E-10,0,3.898167E-10,
2,1.56,-0.4652068,0,2.126256,
3,1.56,-0.5587975,0,5.861203,
4,1.56,-1.107691,0,3.702309,
5,1.56,-9.124061,5.960464E-08,5.404164,
6,1.56,-9.796046,5.960464E-08,3.072173,
7,1.56,-10.03542,5.960464E-08,0.712796,
1,1.58,3.898167E-10,0,3.898167E-10,
2,1.58,-0.4805714,0,2.124224,
3,1.58,-0.5708504,0,5.862484,
4,1.58,-1.118867,0,3.704466,
5,1.58,-9.123353,5.960464E-08,5.391649,
6,1.58,-9.796031,5.960464E-08,3.058967,
7,1.58,-10.03648,5.960464E-08,0.698518,
1,1.6,3.898167E-10,0,3.898167E-10,
2,1.6,-0.4892679,0,2.122195,
3,1.6,-0.5762362,0,5.863765,
4,1.6,-1.123372,0,3.706627,
5,1.6,-9.122591,5.960464E-08,5.385801,
6,1.6,-9.795964,5.960464E-08,3.052423,
7,1.6,-10.03749,5.960464E-08,0.6909007,
1,1.62,3.898167E-10,0,3.898167E-10,
2,1.62,-0.4969423,0,2.121187,
3,1.62,-0.5822604,0,5.864407,
4,1.62,-1.128975,0,3.707692,
5,1.62,-9.122239,5.960464E-08,5.379542,
6,1.62,-9.795958,5.960464E-08,3.045819,
7,1.62,-10.03801,5.960464E-08,0.6837639,
1,1.64,3.898167E-10,0,3.898167E-10,
2,1.64,-0.5046152,0,2.120181,
3,1.64,-0.588284,0,5.86505,
4,1.64,-1.134581,0,3.708752,
5,1.64,-9.121887,5.960464E-08,5.373283,
6,1.64,-9.795951,5.960464E-08,3.039215,
7,1.64,-10.03854,5.960464E-08,0.6766277,
1,1.66,3.898167E-10,0,3.898167E-10,
2,1.66,-0.512287,0,2.119175,
3,1.66,-0.5943071,0,5.865694,
4,1.66,-1.14019,0,3.70981,
5,1.66,-9.121536,5.960464E-08,5.367023,
6,1.66,-9.795944,5.960464E-08,3.032611,
7,1.66,-10.03906,5.960464E-08,0.6694921,
1,1.68,3.898167E-10,0,3.898167E-10,
2,1.68,-0.5276281,0,2.117168,
3,1.68,-0.6063521,0,5.866982,
4,1.68,-1.151416,0,3.711917,
5,1.68,-9.120834,5.960464E-08,5.354504,
6,1.68,-9.795931,5.960464E-08,3.019402,
7,1.68,-10.04011,5.960464E-08,0.6552219,
1,1.7,3.898167E-10,0,3.898167E-10,
2,1.7,-0.5363013,0,2.115161,
3,1.7,-0.61173,0,5.868271,
4,1.7,-1.155972,0,3.714028,
5,1.7,-9.120077,5.960464E-08,5.34865,
6,1.7,-9.795867,5.960464E-08,3.012855,
7,1.7,-10.04111,5.960464E-08,0.6476126,
1,1.72,3.898167E-10,0,3.898167E-10,
2,1.72,-0.5516276,0,2.113168,
3,1.72,-0.6237708,0,5.869564,
4,1.72,-1.167226,0,3.716106,
5,1.72,-9.119379,5.960464E-08,5.336127,
6,1.72,-9.795856,5.960464E-08,2.999645,
7,1.72,-10.04215,5.960464E-08,0.6333469,
1,1.74,3.898167E-10,0,3.898167E-10,
2,1.74,-0.5689448,0,2.109184,
3,1.74,-0.6345181,0,5.87215,
4,1.74,-1.176395,0,3.720271,
5,1.74,-9.11787,5.960464E-08,5.324414,
6,1.74,-9.795732,5.960464E-08,2.986547,
7,1.74,-10.04414,5.960464E-08,0.6181372,
1,1.76,3.898167E-10,0,3.898167E-10,
2,1.76,-0.588241,0,2.103221,
3,1.76,-0.6439689,0,5.876032,
4,1.76,-1.1835,0,3.7265,
5,1.76,-9.115555,5.960464E-08,5.313508,
6,1.76,-9.795495,5.960464E-08,2.973562,
7,1.76,-10.04707,5.960464E-08,0.601987,
1,1.78,3.898167E-10,0,3.898167E-10,
2,1.78,-0.6094892,0,2.095306,
3,1.78,-0.6521183,0,5.881217,
4,1.78,-1.188579,0,3.734754,
5,1.78,-9.112436,5.960464E-08,5.303406,
6,1.78,-9.795146,5.960464E-08,2.960689,
7,1.78,-10.05093,5.960464E-08,0.5849019,
1,1.8,3.898167E-10,0,3.898167E-10,
2,1.8,-0.6326469,0,2.085482,
3,1.8,-0.658959,0,5.887709,
4,1.8,-1.191686,0,3.744981,
5,1.8,-9.108519,5.960464E-08,5.294102,
6,1.8,-9.794688,5.960464E-08,2.947926,
7,1.8,-10.05572,5.960464E-08,0.5668899,
1,1.82,3.898167E-10,0,3.898167E-10,
2,1.82,-0.6451513,0,2.079644,
3,1.82,-0.6617206,0,5.891614,
4,1.82,-1.192286,0,3.751047,
5,1.82,-9.106163,5.960464E-08,5.289846,
6,1.82,-9.794405,5.960464E-08,2.941598,
7,1.82,-10.05858,5.960464E-08,0.5574254,
1,1.84,3.898167E-10,0,3.898167E-10,
2,1.84,-0.6602612,0,2.077868,
3,1.84,-0.6737249,0,5.892944,
4,1.84,-1.203805,0,3.752861,
5,1.84,-9.10549,5.960464E-08,5.277297,
6,1.84,-9.794407,5.960464E-08,2.928375,
7,1.84,-10.05958,5.960464E-08,0.5431987,
1,1.86,3.898167E-10,0,3.898167E-10,
2,1.86,-0.6771469,0,2.074315,
3,1.86,-0.6843998,0,5.895603,
4,1.86,-1.213506,0,3.756495,
5,1.86,-9.104033,5.960464E-08,5.265533,
6,1.86,-9.79431,5.960464E-08,2.915251,
7,1.86,-10.06149,5.960464E-08,0.5280674,
1,1.88,3.898167E-10,0,3.898167E-10,
2,1.88,-0.6957998,0,2.068996,
3,1.88,-0.6937433,0,5.899593,
4,1.88,-1.221409,0,3.761925,
5,1.88,-9.101793,5.960464E-08,5.25455,
6,1.88,-9.794111,5.960464E-08,2.902227,
7,1.88,-10.0643,5.960464E-08,0.5120347,
1,1.9,3.898167E-10,0,3.898167E-10,
2,1.9,-0.7161973,0,2.061932,
3,1.9,-0.7017526,0,5.904917,
4,1.9,-1.227549,0,3.769117,
5,1.9,-9.098776,5.960464E-08,5.244346,
6,1.9,-9.793814,5.960464E-08,2.889303,
7,1.9,-10.06801,5.960464E-08,0.4951057,
1,1.92,3.898167E-10,0,3.898167E-10,
2,1.92,-0.7383021,0,2.05316,
3,1.92,-0.7084236,0,5.91158,
4,1.92,-1.231976,0,3.778024,
5,1.92,-9.094986,5.960464E-08,5.234915,
6,1.92,-9.793419,5.960464E-08,2.876476,
7,1.92,-10.07261,5.960464E-08,0.4772877,
1,1.94,3.898167E-10,0,3.898167E-10,
2,1.94,-0.7501827,0,2.047946,
3,1.94,-0.7110873,0,5.915583,
4,1.94,-1.233364,0,3.783303,
5,1.94,-9.092707,5.960464E-08,5.230583,
6,1.94,-9.793174,5.960464E-08,2.87011,
7,1.94,-10.07535,5.960464E-08,0.4679388,
1,1.96,3.898167E-10,0,3.898167E-10,
2,1.96,-0.7651073,0,2.046355,
3,1.96,-0.7230706,0,5.916933,
4,1.96,-1.245124,0,3.784876,
5,1.96,-9.092058,5.960464E-08,5.21801,
6,1.96,-9.793187,5.960464E-08,2.856876,
7,1.96,-10.07631,5.960464E-08,0.4537478,
1,1.98,3.898167E-10,0,3.898167E-10,
2,1.98,-0.7816241,0,2.043172,
3,1.98,-0.7337036,0,5.919633,
4,1.98,-1.255309,0,3.788023,
5,1.98,-9.090651,5.960464E-08,5.206197,
6,1.98,-9.793111,5.960464E-08,2.84373,
7,1.98,-10.07815,5.960464E-08,0.4386884,
1,2,3.898167E-10,0,3.898167E-10,
2,2,-0.7997283,0,2.038401,
3,2,-0.7429858,0,5.923684,
4,2,-1.263939,0,3.792727,
5,2,-9.088486,5.960464E-08,5.195141,
6,2,-9.792947,5.960464E-08,2.830673,
7,2,-10.08086,5.960464E-08,0.4227635,
1,2.02,3.898167E-10,0,3.898167E-10,
2,2.02,-0.8095653,0,2.035231,
3,2.02,-0.746951,0,5.926385,
4,2.02,-1.267491,0,3.795842,
5,2.02,-9.087026,5.960464E-08,5.18999,
6,2.02,-9.79282,5.960464E-08,2.824189,
7,2.02,-10.08264,5.960464E-08,0.4143707,
1,2.04,3.898167E-10,0,3.898167E-10,
2,2.04,-0.8244382,0,2.033691,
3,2.04,-0.7589308,0,5.927739,
4,2.04,-1.279345,0,3.797321,
5,2.04,-9.086387,5.960464E-08,5.177406,
6,2.04,-9.792837,5.960464E-08,2.81095,
7,2.04,-10.08359,5.960464E-08,0.4001945,
1,2.06,3.898167E-10,0,3.898167E-10,
2,2.06,-0.8326451,0,2.032151,
3,2.06,-0.764244,0,5.929092,
4,2.06,-1.284532,0,3.7988,
5,2.06,-9.085693,5.960464E-08,5.171489,
6,2.06,-9.792804,5.960464E-08,2.804373,
7,2.06,-10.0845,5.960464E-08,0.3926797,
1,2.08,3.898167E-10,0,3.898167E-10,
2,2.08,-0.8475161,0,2.030613,
3,2.08,-0.7762234,0,5.930447,
4,2.08,-1.296409,0,3.800257,
5,2.08,-9.085058,5.960464E-08,5.158903,
6,2.08,-9.792823,5.960464E-08,2.791132,
7,2.08,-10.08545,5.960464E-08,0.3785072,
1,2.1,3.898167E-10,0,3.898167E-10,
2,2.1,-0.8557213,0,2.029075,
3,2.1,-0.7815363,0,5.9318,
4,2.1,-1.301619,0,3.801714,
5,2.1,-9.084367,5.960464E-08,5.152983,
6,2.1,-9.79279,5.960464E-08,2.784554,
7,2.1,-10.08635,5.960464E-08,0.370996,
1,2.12,3.898167E-10,0,3.898167E-10,
2,2.12,-0.870591,0,2.027538,
3,2.12,-0.7935156,0,5.933155,
4,2.12,-1.313517,0,3.803149,
5,2.12,-9.083734,5.960464E-08,5.140395,
6,2.12,-9.792809,5.960464E-08,2.771313,
7,2.12,-10.0873,5.960464E-08,0.356827,
1,2.14,3.898167E-10,0,3.898167E-10,
2,2.14,-0.8787948,0,2.026001,
3,2.14,-0.7988284,0,5.934508,
4,2.14,-1.318749,0,3.804584,
5,2.14,-9.083045,5.960464E-08,5.134472,
6,2.14,-9.792778,5.960464E-08,2.764734,
7,2.14,-10.08819,5.960464E-08,0.3493194,
1,2.16,3.898167E-10,0,3.898167E-10,
2,2.16,-0.8862293,0,2.025233,
3,2.16,-0.804818,0,5.935185,
4,2.16,-1.32471,0,3.80529,
5,2.16,-9.082729,5.960464E-08,5.128177,
6,2.16,-9.792789,5.960464E-08,2.758112,
7,2.16,-10.08867,5.960464E-08,0.3422367,
1,2.18,3.898167E-10,0,3.898167E-10,
2,2.18,-0.9010999,0,2.023696,
3,2.18,-0.8167975,0,5.93654,
4,2.18,-1.336635,0,3.806698,
5,2.18,-9.0821,5.960464E-08,5.115585,
6,2.18,-9.792809,5.960464E-08,2.74487,
7,2.18,-10.08961,5.960464E-08,0.3280721,
1,2.2,3.898167E-10,0,3.898167E-10,
2,2.2,-0.9093048,0,2.022158,
3,2.2,-0.8221103,0,5.937893,
4,2.2,-1.341895,0,3.808105,
5,2.2,-9.081414,5.960464E-08,5.10966,
6,2.2,-9.792779,5.960464E-08,2.73829,
7,2.2,-10.0905,5.960464E-08,0.3205689,
1,2.22,3.898167E-10,0,3.898167E-10,
2,2.22,-0.9241751,0,2.020621,
3,2.22,-0.8340899,0,5.939248,
4,2.22,-1.353842,0,3.809491,
5,2.22,-9.080787,5.960464E-08,5.097065,
6,2.22,-9.7928,5.960464E-08,2.725046,
7,2.22,-10.09144,5.960464E-08,0.3064079,
1,2.24,3.898167E-10,0,3.898167E-10,
2,2.24,-0.9323797,0,2.019083,
3,2.24,-0.8394029,0,5.940601,
4,2.24,-1.359123,0,3.810876,
5,2.24,-9.080104,5.960464E-08,5.091137,
6,2.24,-9.79277,5.960464E-08,2.718465,
7,2.24,-10.09233,5.960464E-08,0.2989083,
1,2.26,3.898167E-10,0,3.898167E-10,
2,2.26,-0.9398148,0,2.018315,
3,2.26,-0.8453928,0,5.941278,
4,2.26,-1.365108,0,3.811559,
5,2.26,-9.079791,5.960464E-08,5.084839,
6,2.26,-9.792782,5.960464E-08,2.711843,
7,2.26,-10.0928,5.960464E-08,0.2918295,
1,2.28,3.898167E-10,0,3.898167E-10,
2,2.28,-0.9546871,0,2.016776,
3,2.28,-0.8573727,0,5.942631,
4,2.28,-1.377082,0,3.812918,
5,2.28,-9.079167,5.960464E-08,5.072242,
6,2.28,-9.792805,5.960464E-08,2.698598,
7,2.28,-10.09373,5.960464E-08,0.2776728,
1,2.3,3.898167E-10,0,3.898167E-10,
2,2.3,-0.9628938,0,2.015236,
3,2.3,-0.8626861,0,5.943985,
4,2.3,-1.382389,0,3.814277,
5,2.3,-9.078487,5.960464E-08,5.066311,
6,2.3,-9.792776,5.960464E-08,2.692015,
7,2.3,-10.09462,5.960464E-08,0.2701775,
1,2.32,3.898167E-10,0,3.898167E-10,
2,2.32,-0.9703302,0,2.014466,
3,2.32,-0.8686763,0,5.944661,
4,2.32,-1.388387,0,3.814946,
5,2.32,-9.078176,5.960464E-08,5.060011,
6,2.32,-9.792789,5.960464E-08,2.685392,
7,2.32,-10.09508,5.960464E-08,0.2631008,
1,2.34,3.898167E-10,0,3.898167E-10,
2,2.34,-0.9852051,0,2.012925,
3,2.34,-0.880657,0,5.946013,
4,2.34,-1.400387,0,3.81628,
5,2.34,-9.077555,5.960464E-08,5.047411,
6,2.34,-9.792813,5.960464E-08,2.672146,
7,2.34,-10.09601,5.960464E-08,0.2489484,
1,2.36,3.898167E-10,0,3.898167E-10,
2,2.36,-0.9934144,0,2.011382,
3,2.36,-0.885971,0,5.947366,
4,2.36,-1.405721,0,3.817612,
5,2.36,-9.076878,5.960464E-08,5.041477,
6,2.36,-9.792787,5.960464E-08,2.665563,
7,2.36,-10.09689,5.960464E-08,0.2414574,
1,2.38,3.898167E-10,0,3.898167E-10,
2,2.38,-1.000852,0,2.010611,
3,2.38,-0.8919616,0,5.948042,
4,2.38,-1.411731,0,3.818269,
5,2.38,-9.076569,5.960464E-08,5.035176,
6,2.38,-9.792799,5.960464E-08,2.658939,
7,2.38,-10.09736,5.960464E-08,0.2343829,
1,2.4,3.898167E-10,0,3.898167E-10,
2,2.4,-1.01573,0,2.009066,
3,2.4,-0.903943,0,5.949395,
4,2.4,-1.423757,0,3.819576,
5,2.4,-9.075951,5.960464E-08,5.022572,
6,2.4,-9.792824,5.960464E-08,2.645692,
7,2.4,-10.09828,5.960464E-08,0.2202347,
1,2.42,3.898167E-10,0,3.898167E-10,
2,2.42,-1.023942,0,2.007521,
3,2.42,-0.9092579,0,5.950747,
4,2.42,-1.429117,0,3.820883,
5,2.42,-9.075277,5.960464E-08,5.016635,
6,2.42,-9.792798,5.960464E-08,2.639107,
7,2.42,-10.09916,5.960464E-08,0.212748,
1,2.44,3.898167E-10,0,3.898167E-10,
2,2.44,-1.031382,0,2.006748,
3,2.44,-0.915249,0,5.951422,
4,2.44,-1.43514,0,3.821527,
5,2.44,-9.074969,5.960464E-08,5.010332,
6,2.44,-9.792811,5.960464E-08,2.632483,
7,2.44,-10.09962,5.960464E-08,0.2056755,
1,2.46,3.898167E-10,0,3.898167E-10,
2,2.46,-1.046263,0,2.0052,
3,2.46,-0.9272314,0,5.952774,
4,2.46,-1.447191,0,3.822809,
5,2.46,-9.074353,5.960464E-08,4.997725,
6,2.46,-9.792838,5.960464E-08,2.619235,
7,2.46,-10.10054,5.960464E-08,0.1915315,
1,2.48,3.898167E-10,0,3.898167E-10,
2,2.48,-1.054479,0,2.003651,
3,2.48,-0.9325473,0,5.954124,
4,2.48,-1.452577,0,3.82409,
5,2.48,-9.073683,5.960464E-08,4.991785,
6,2.48,-9.792813,5.960464E-08,2.612649,
7,2.48,-10.10141,5.960464E-08,0.184049,
1,2.5,3.898167E-10,0,3.898167E-10,
2,2.5,-1.069362,0,2.002102,
3,2.5,-0.9445307,0,5.955475,
4,2.5,-1.464648,0,3.825352,
5,2.5,-9.073071,5.960464E-08,4.979177,
6,2.5,-9.79284,5.960464E-08,2.5994,
7,2.5,-10.10233,5.960464E-08,0.1699084,
1,2.52,3.898167E-10,0,3.898167E-10,
2,2.52,-1.077579,0,2.000551,
3,2.52,-0.9498476,0,5.956825,
4,2.52,-1.470053,0,3.826613,
5,2.52,-9.072402,5.960464E-08,4.973234,
6,2.52,-9.792816,5.960464E-08,2.592813,
7,2.52,-10.1032,5.960464E-08,0.1624292,
1,2.54,3.898167E-10,0,3.898167E-10,
2,2.54,-1.092463,0,1.999,
3,2.54,-0.9618321,0,5.958173,
4,2.54,-1.482145,0,3.827856,
5,2.54,-9.071792,5.960464E-08,4.960622,
6,2.54,-9.792845,5.960464E-08,2.579563,
7,2.54,-10.10412,5.960464E-08,0.1482918,
1,2.56,3.898167E-10,0,3.898167E-10,
2,2.56,-1.100682,0,1.997448,
3,2.56,-0.9671501,0,5.959522,
4,2.56,-1.48757,0,3.829097,
5,2.56,-9.071126,5.960464E-08,4.954677,
6,2.56,-9.792822,5.960464E-08,2.572976,
7,2.56,-10.10498,5.960464E-08,0.140816,
1,2.58,3.898167E-10,0,3.898167E-10,
2,2.58,-1.115568,0,1.995896,
3,2.58,-0.9791358,0,5.960869,
4,2.58,-1.499681,0,3.83032,
5,2.58,-9.070518,5.960464E-08,4.942064,
6,2.58,-9.79285,5.960464E-08,2.559725,
7,2.58,-10.10589,5.960464E-08,0.1266819,
1,2.6,3.898167E-10,0,3.898167E-10,
2,2.6,-1.123788,0,1.994342,
3,2.6,-0.9844549,0,5.962217,
4,2.6,-1.505126,0,3.831541,
5,2.6,-9.069854,5.960464E-08,4.936116,
6,2.6,-9.792829,5.960464E-08,2.553136,
7,2.6,-10.10676,5.960464E-08,0.1192094,
1,2.62,3.898167E-10,0,3.898167E-10,
2,2.62,-1.138676,0,1.992787,
3,2.62,-0.9964418,0,5.963563,
4,2.62,-1.517256,0,3.832745,
5,2.62,-9.069247,5.960464E-08,4.9235,
6,2.62,-9.792859,5.960464E-08,2.539884,
7,2.62,-10.10767,5.960464E-08,0.1050785,
1,2.64,3.898167E-10,0,3.898167E-10,
2,2.64,-1.146898,0,1.991232,
3,2.64,-1.001762,0,5.96491,
4,2.64,-1.52272,0,3.833947,
5,2.64,-9.068586,5.960464E-08,4.91755,
6,2.64,-9.792838,5.960464E-08,2.533295,
7,2.64,-10.10852,5.960464E-08,0.09760924,
1,2.66,3.898167E-10,0,3.898167E-10,
2,2.66,-1.161788,0,1.989675,
3,2.66,-1.013751,0,5.966254,
4,2.66,-1.534869,0,3.835132,
5,2.66,-9.067984,5.960464E-08,4.904932,
6,2.66,-9.792869,5.960464E-08,2.520042,
7,2.66,-10.10943,5.960464E-08,0.08348159,
1,2.68,3.898167E-10,0,3.898167E-10,
2,2.68,-1.170012,0,1.988118,
3,2.68,-1.019073,0,5.967599,
4,2.68,-1.540352,0,3.836315,
5,2.68,-9.067325,5.960464E-08,4.89898,
6,2.68,-9.792849,5.960464E-08,2.513452,
7,2.68,-10.11029,5.960464E-08,0.07601555,
1,2.7,3.898167E-10,0,3.898167E-10,
2,2.7,-1.184904,0,1.98656,
3,2.7,-1.031062,0,5.968943,
4,2.7,-1.55252,0,3.83748,
5,2.7,-9.066724,5.960464E-08,4.886359,
6,2.7,-9.792881,5.960464E-08,2.500199,
7,2.7,-10.11119,5.960464E-08,0.06189111,
1,2.72,3.898167E-10,0,3.898167E-10,
2,2.72,-1.19313,0,1.985,
3,2.72,-1.036386,0,5.970286,
4,2.72,-1.558022,0,3.838645,
5,2.72,-9.066068,5.960464E-08,4.880404,
6,2.72,-9.792861,5.960464E-08,2.493608,
7,2.72,-10.11204,5.960464E-08,0.05442828,
1,2.74,3.898167E-10,0,3.898167E-10,
2,2.74,-1.208024,0,1.983439,
3,2.74,-1.048377,0,5.971628,
4,2.74,-1.570208,0,3.839792,
5,2.74,-9.065469,5.960464E-08,4.867781,
6,2.74,-9.792893,5.960464E-08,2.480353,
7,2.74,-10.11294,5.960464E-08,0.040307,
1,2.76,3.898167E-10,0,3.898167E-10,
2,2.76,-1.216252,0,1.981878,
3,2.76,-1.053702,0,5.97297,
4,2.76,-1.575729,0,3.840938,
5,2.76,-9.064815,5.960464E-08,4.861824,
6,2.76,-9.792874,5.960464E-08,2.473761,
7,2.76,-10.11379,5.960464E-08,0.03284736,
1,2.78,3.898167E-10,0,3.898167E-10,
2,2.78,-1.231148,0,1.980315,
3,2.78,-1.065696,0,5.974309,
4,2.78,-1.587934,0,3.842067,
5,2.78,-9.064218,5.960464E-08,4.849198,
6,2.78,-9.792907,5.960464E-08,2.460506,
7,2.78,-10.11469,5.960464E-08,0.01872922,
1,2.8,3.898167E-10,0,3.898167E-10,
2,2.8,-1.239378,0,1.978752,
3,2.8,-1.071022,0,5.975649,
4,2.8,-1.593473,0,3.843194,
5,2.8,-9.063566,5.960464E-08,4.843239,
6,2.8,-9.792889,5.960464E-08,2.453913,
7,2.8,-10.11553,5.960464E-08,0.01127274,
1,2.82,3.898167E-10,0,3.898167E-10,
2,2.82,-1.254277,0,1.977187,
3,2.82,-1.083017,0,5.976987,
4,2.82,-1.605695,0,3.844305,
5,2.82,-9.062973,5.960464E-08,4.830611,
6,2.82,-9.792923,5.960464E-08,2.440658,
7,2.82,-10.11642,5.960464E-08,-0.002842277,
1,2.84,3.898167E-10,0,3.898167E-10,
2,2.84,-1.262509,0,1.975621,
3,2.84,-1.088346,0,5.978325,
4,2.84,-1.611253,0,3.845414,
5,2.84,-9.062324,5.960464E-08,4.82465,
6,2.84,-9.792906,5.960464E-08,2.434064,
7,2.84,-10.11727,1.192093E-07,-0.01029562,
1,2.86,3.898167E-10,0,3.898167E-10,
2,2.86,-1.277409,0,1.974054,
3,2.86,-1.100343,0,5.979661,
4,2.86,-1.623493,0,3.846507,
5,2.86,-9.061732,5.960464E-08,4.812019,
6,2.86,-9.79294,5.960464E-08,2.420808,
7,2.86,-10.11816,1.192093E-07,-0.02440755,
1,2.88,3.898167E-10,0,3.898167E-10,
2,2.88,-1.285644,0,1.972486,
3,2.88,-1.105674,0,5.980998,
4,2.88,-1.629068,0,3.847598,
5,2.88,-9.061086,5.960464E-08,4.806056,
6,2.88,-9.792924,5.960464E-08,2.414213,
7,2.88,-10.119,1.192093E-07,-0.03185779,
1,2.9,3.898167E-10,0,3.898167E-10,
2,2.9,-1.300546,0,1.970918,
3,2.9,-1.117672,0,5.982332,
4,2.9,-1.641326,0,3.848674,
5,2.9,-9.060496,5.960464E-08,4.793423,
6,2.9,-9.79296,5.960464E-08,2.400956,
7,2.9,-10.11988,1.192093E-07,-0.04596665,
1,2.92,3.898167E-10,0,3.898167E-10,
2,2.92,-1.308782,0,1.969348,
3,2.92,-1.123005,0,5.983666,
4,2.92,-1.646919,0,3.849747,
5,2.92,-9.059852,5.960464E-08,4.787457,
6,2.92,-9.792944,5.960464E-08,2.394361,
7,2.92,-10.12072,1.192093E-07,-0.0534138,
1,2.94,3.898167E-10,0,3.898167E-10,
2,2.94,-1.323687,0,1.967777,
3,2.94,-1.135006,0,5.984998,
4,2.94,-1.659195,0,3.850806,
5,2.94,-9.059264,5.960464E-08,4.774823,
6,2.94,-9.79298,5.960464E-08,2.381103,
7,2.94,-10.1216,1.192093E-07,-0.06751962,
1,2.96,3.898167E-10,0,3.898167E-10,
2,2.96,-1.331925,0,1.966205,
3,2.96,-1.140341,0,5.98633,
4,2.96,-1.664805,0,3.851862,
5,2.96,-9.058621,5.960464E-08,4.768854,
6,2.96,-9.792965,5.960464E-08,2.374507,
7,2.96,-10.12244,1.192093E-07,-0.07496371,
1,2.98,3.898167E-10,0,3.898167E-10,
2,2.98,-1.346831,0,1.964632,
3,2.98,-1.152344,0,5.98766,
4,2.98,-1.677097,0,3.852903,
5,2.98,-9.058036,5.960464E-08,4.756217,
6,2.98,-9.793003,5.960464E-08,2.361248,
7,2.98,-10.12332,1.192093E-07,-0.08906651,
1,3,3.898167E-10,0,3.898167E-10,
2,3,-1.355072,0,1.963058,
3,3,-1.157681,0,5.98899,
4,3,-1.682725,0,3.853942,
5,3,-9.057396,5.960464E-08,4.750246,
6,3,-9.792989,5.960464E-08,2.354651,
7,3,-10.12415,1.192093E-07,-0.09650757,
1,3.02,3.898167E-10,0,3.898167E-10,
2,3.02,-1.36998,0,1.961483,
3,3.02,-1.169687,0,5.990318,
4,3.02,-1.695034,0,3.854966,
5,3.02,-9.056814,5.960464E-08,4.737607,
6,3.02,-9.793027,5.960464E-08,2.341392,
7,3.02,-10.12503,1.192093E-07,-0.1106074,
1,3.04,3.898167E-10,0,3.898167E-10,
2,3.04,-1.378222,0,1.959907,
3,3.04,-1.175026,0,5.991645,
4,3.04,-1.700678,0,3.855988,
5,3.04,-9.056176,5.960464E-08,4.731634,
6,3.04,-9.793014,5.960464E-08,2.334795,
7,3.04,-10.12585,1.192093E-07,-0.1180454,
1,3.06,3.898167E-10,0,3.898167E-10,
2,3.06,-1.393132,0,1.958331,
3,3.06,-1.187034,0,5.992971,
4,3.06,-1.713004,0,3.856996,
5,3.06,-9.055596,5.960464E-08,4.718992,
6,3.06,-9.793052,5.960464E-08,2.321534,
7,3.06,-10.12673,1.192093E-07,-0.1321422,
1,3.08,3.898167E-10,0,3.898167E-10,
2,3.08,-1.401376,0,1.956753,
3,3.08,-1.192375,0,5.994296,
4,3.08,-1.718665,0,3.858001,
5,3.08,-9.054961,5.960464E-08,4.713017,
6,3.08,-9.793039,5.960464E-08,2.314936,
7,3.08,-10.12755,1.192093E-07,-0.1395773,
1,3.1,3.898167E-10,0,3.898167E-10,
2,3.1,-1.416288,0,1.955175,
3,3.1,-1.204386,0,5.995619,
4,3.1,-1.731008,0,3.858992,
5,3.1,-9.054383,5.960464E-08,4.700373,
6,3.1,-9.793079,5.960464E-08,2.301676,
7,3.1,-10.12842,1.192093E-07,-0.1536712,
1,3.12,3.898167E-10,0,3.898167E-10,
2,3.12,-1.424534,0,1.953596,
3,3.12,-1.20973,0,5.996942,
4,3.12,-1.736685,0,3.859982,
5,3.12,-9.05375,5.960464E-08,4.694396,
6,3.12,-9.793067,5.960464E-08,2.295077,
7,3.12,-10.12925,1.192093E-07,-0.1611033,
1,3.14,3.898167E-10,0,3.898167E-10,
2,3.14,-1.439447,0,1.952016,
3,3.14,-1.221743,0,5.998261,
4,3.14,-1.749044,0,3.860956,
5,3.14,-9.053174,5.960464E-08,4.68175,
6,3.14,-9.793107,5.960464E-08,2.281815,
7,3.14,-10.13012,1.192093E-07,-0.1751942,
1,3.16,3.898167E-10,0,3.898167E-10,
2,3.16,-1.447694,0,1.950436,
3,3.16,-1.22709,0,5.999581,
4,3.16,-1.754737,0,3.861929,
5,3.16,-9.052543,5.960464E-08,4.67577,
6,3.16,-9.793096,5.960464E-08,2.275216,
7,3.16,-10.13093,1.192093E-07,-0.1826234,
1,3.18,3.898167E-10,0,3.898167E-10,
2,3.18,-1.462608,0,1.948855,
3,3.18,-1.239105,0,6.000899,
4,3.18,-1.767112,0,3.862888,
5,3.18,-9.051969,5.960464E-08,4.663123,
6,3.18,-9.793136,5.960464E-08,2.261953,
7,3.18,-10.1318,1.192093E-07,-0.1967114,
1,3.2,3.898167E-10,0,3.898167E-10,
2,3.2,-1.470857,0,1.947273,
3,3.2,-1.244455,0,6.002217,
4,3.2,-1.772822,0,3.863845,
5,3.2,-9.05134,5.960464E-08,4.657141,
6,3.2,-9.793125,5.960464E-08,2.255353,
7,3.2,-10.13262,1.192093E-07,-0.2041377,
1,3.22,3.898167E-10,0,3.898167E-10,
2,3.22,-1.485773,0,1.94569,
3,3.22,-1.256473,0,6.003532,
4,3.22,-1.785212,0,3.864788,
5,3.22,-9.050768,5.960464E-08,4.64449,
6,3.22,-9.793167,5.960464E-08,2.24209,
7,3.22,-10.13348,1.192093E-07,-0.2182228,
1,3.24,3.898167E-10,0,3.898167E-10,
2,3.24,-1.494023,0,1.944107,
3,3.24,-1.261825,0,6.004847,
4,3.24,-1.790937,0,3.86573,
5,3.24,-9.050141,5.960464E-08,4.638506,
6,3.24,-9.793157,5.960464E-08,2.235489,
7,3.24,-10.13429,1.192093E-07,-0.2256462,
1,3.26,3.898167E-10,0,3.898167E-10,
2,3.26,-1.508939,0,1.942524,
3,3.26,-1.273847,0,6.006159,
4,3.26,-1.803343,0,3.866657,
5,3.26,-9.049573,5.960464E-08,4.625854,
6,3.26,-9.793199,5.960464E-08,2.222225,
7,3.26,-10.13515,1.192093E-07,-0.2397285,
1,3.28,3.898167E-10,0,3.898167E-10,
2,3.28,-1.51719,0,1.94094,
3,3.28,-1.279201,0,6.007471,
4,3.28,-1.809084,0,3.867583,
5,3.28,-9.048948,5.960464E-08,4.619867,
6,3.28,-9.793189,5.960464E-08,2.215624,
7,3.28,-10.13596,1.192093E-07,-0.2471489,
1,3.3,3.898167E-10,0,3.898167E-10,
2,3.3,-1.532108,0,1.939355,
3,3.3,-1.291225,0,6.00878,
4,3.3,-1.821505,0,3.868495,
5,3.3,-9.048382,5.960464E-08,4.607213,
6,3.3,-9.793231,5.960464E-08,2.202359,
7,3.3,-10.13682,1.192093E-07,-0.2612284,
1,3.32,3.898167E-10,0,3.898167E-10,
2,3.32,-1.54036,0,1.93777,
3,3.32,-1.296583,0,6.010089,
4,3.32,-1.827261,0,3.869405,
5,3.32,-9.047759,5.960464E-08,4.601224,
6,3.32,-9.793222,5.960464E-08,2.195757,
7,3.32,-10.13763,1.192093E-07,-0.268646,
1,3.34,3.898167E-10,0,3.898167E-10,
2,3.34,-1.555278,0,1.936185,
3,3.34,-1.30861,0,6.011395,
4,3.34,-1.839697,0,3.870302,
5,3.34,-9.047194,5.960464E-08,4.588567,
6,3.34,-9.793266,5.960464E-08,2.182492,
7,3.34,-10.13848,1.192093E-07,-0.2827226,
1,3.36,3.898167E-10,0,3.898167E-10,
2,3.36,-1.571783,0,1.933013,
3,3.36,-1.319332,0,6.014008,
4,3.36,-1.85124,0,3.872093,
5,3.36,-9.045955,5.960464E-08,4.576586,
6,3.36,-9.793251,5.960464E-08,2.169287,
7,3.36,-10.14009,1.192093E-07,-0.2975521,
1,3.38,3.898167E-10,0,3.898167E-10,
2,3.38,-1.580829,0,1.930634,
3,3.38,-1.324041,0,6.015965,
4,3.38,-1.856571,0,3.873429,
5,3.38,-9.044997,5.960464E-08,4.570932,
6,3.38,-9.793213,5.960464E-08,2.162714,
7,3.38,-10.14127,1.192093E-07,-0.3053423,
1,3.4,3.898167E-10,0,3.898167E-10,
2,3.4,-1.595738,0,1.929058,
3,3.4,-1.336074,0,6.017265,
4,3.4,-1.86904,0,3.874293,
5,3.4,-9.044436,5.960464E-08,4.55827,
6,3.4,-9.793259,5.960464E-08,2.149447,
7,3.4,-10.14212,1.192093E-07,-0.3194126,
1,3.42,3.898167E-10,0,3.898167E-10,
2,3.42,-1.612225,0,1.925905,
3,3.42,-1.346809,0,6.019864,
4,3.42,-1.880649,0,3.876018,
5,3.42,-9.043206,5.960464E-08,4.54628,
6,3.42,-9.793245,5.960464E-08,2.136239,
7,3.42,-10.14371,1.192093E-07,-0.3342296,
1,3.44,3.898167E-10,0,3.898167E-10,
2,3.44,-1.621257,0,1.92354,
3,3.44,-1.351529,0,6.021811,
4,3.44,-1.886029,0,3.877304,
5,3.44,-9.042256,5.960464E-08,4.540619,
6,3.44,-9.793209,5.960464E-08,2.129664,
7,3.44,-10.14488,1.192093E-07,-0.3420103,
1,3.46,3.898167E-10,0,3.898167E-10,
2,3.46,-1.636157,0,1.921973,
3,3.46,-1.363569,0,6.023103,
4,3.46,-1.89853,0,3.878136,
5,3.46,-9.041701,5.960464E-08,4.527952,
6,3.46,-9.793255,5.960464E-08,2.116396,
7,3.46,-10.14573,1.192093E-07,-0.3560745,
1,3.48,3.898167E-10,0,3.898167E-10,
2,3.48,-1.644391,0,1.920405,
3,3.48,-1.368944,0,6.024395,
4,3.48,-1.904366,0,3.878967,
5,3.48,-9.041091,5.960464E-08,4.521952,
6,3.48,-9.793249,5.960464E-08,2.109791,
7,3.48,-10.14652,1.192093E-07,-0.3634767,
1,3.5,3.898167E-10,0,3.898167E-10,
2,3.5,-1.659292,0,1.918838,
3,3.5,-1.380988,0,6.025685,
4,3.5,-1.916881,0,3.879785,
5,3.5,-9.040538,5.960464E-08,4.509284,
6,3.5,-9.793297,5.960464E-08,2.096522,
7,3.5,-10.14736,1.192093E-07,-0.3775382,
1,3.52,3.898167E-10,0,3.898167E-10,
2,3.52,-1.667526,0,1.91727,
3,3.52,-1.386366,0,6.026974,
4,3.52,-1.922731,0,3.880602,
5,3.52,-9.039929,5.960464E-08,4.503281,
6,3.52,-9.793292,5.960464E-08,2.089916,
7,3.52,-10.14814,1.192093E-07,-0.3849378,
1,3.54,3.898167E-10,0,3.898167E-10,
2,3.54,-1.682427,0,1.915703,
3,3.54,-1.398413,0,6.028259,
4,3.54,-1.935259,0,3.881407,
5,3.54,-9.039378,5.960464E-08,4.490611,
6,3.54,-9.79334,5.960464E-08,2.076647,
7,3.54,-10.14898,1.192093E-07,-0.3989966,
1,3.56,3.898167E-10,0,3.898167E-10,
2,3.56,-1.690661,0,1.914135,
3,3.56,-1.403794,0,6.029545,
4,3.56,-1.941123,0,3.88221,
5,3.56,-9.038772,5.960464E-08,4.484606,
6,3.56,-9.793336,5.960464E-08,2.07004,
7,3.56,-10.14977,1.192093E-07,-0.4063934,
1,3.58,3.898167E-10,0,3.898167E-10,
2,3.58,-1.705562,0,1.912568,
3,3.58,-1.415845,0,6.030828,
4,3.58,-1.953664,0,3.883002,
5,3.58,-9.038222,5.960464E-08,4.471934,
6,3.58,-9.793384,5.960464E-08,2.05677,
7,3.58,-10.1506,1.192093E-07,-0.4204496,
1,3.6,3.898167E-10,0,3.898167E-10,
2,3.6,-1.722031,0,1.909433,
3,3.6,-1.426614,0,6.033392,
4,3.6,-1.965418,0,3.884582,
5,3.6,-9.037013,5.960464E-08,4.459921,
6,3.6,-9.793376,5.960464E-08,2.043555,
7,3.6,-10.15217,1.192093E-07,-0.4352379,
1,3.62,3.898167E-10,0,3.898167E-10,
2,3.62,-1.731048,0,1.907082,
3,3.62,-1.43136,0,6.035314,
4,3.62,-1.970907,0,3.88576,
5,3.62,-9.036079,5.960464E-08,4.454244,
6,3.62,-9.793344,5.960464E-08,2.036976,
7,3.62,-10.15332,1.192093E-07,-0.4429971,
1,3.64,3.898167E-10,0,3.898167E-10,
2,3.64,-1.745939,0,1.905524,
3,3.64,-1.443418,0,6.036589,
4,3.64,-1.983478,0,3.886523,
5,3.64,-9.035536,5.960464E-08,4.441567,
6,3.64,-9.793394,5.960464E-08,2.023705,
7,3.64,-10.15415,1.192093E-07,-0.4570474,
1,3.66,3.898167E-10,0,3.898167E-10,
2,3.66,-1.762388,0,1.902409,
3,3.66,-1.454203,0,6.039137,
4,3.66,-1.995291,0,3.888043,
5,3.66,-9.034336,5.960464E-08,4.429545,
6,3.66,-9.79339,5.960464E-08,2.010488,
7,3.66,-10.1557,1.192093E-07,-0.4718238,
1,3.68,3.898167E-10,0,3.898167E-10,
2,3.68,-1.771391,0,1.900073,
3,3.68,-1.458959,0,6.041047,
4,3.68,-2.000823,0,3.889177,
5,3.68,-9.033409,5.960464E-08,4.423861,
6,3.68,-9.793361,5.960464E-08,2.003906,
7,3.68,-10.15684,1.192093E-07,-0.4795741,
1,3.7,3.898167E-10,0,3.898167E-10,
2,3.7,-1.786271,0,1.898525,
3,3.7,-1.471026,0,6.042313,
4,3.7,-2.013422,0,3.889912,
5,3.7,-9.032869,5.960464E-08,4.411179,
6,3.7,-9.793412,5.960464E-08,1.990634,
7,3.7,-10.15766,1.192093E-07,-0.4936185,
1,3.72,3.898167E-10,0,3.898167E-10,
2,3.72,-1.8027,0,1.89543,
3,3.72,-1.481827,0,6.044846,
4,3.72,-2.02529,0,3.891376,
5,3.72,-9.031679,5.960464E-08,4.399147,
6,3.72,-9.79341,5.960464E-08,1.977415,
7,3.72,-10.1592,1.192093E-07,-0.5083831,
1,3.74,3.898167E-10,0,3.898167E-10,
2,3.74,-1.820676,0,1.890788,
3,3.74,-1.491364,0,6.048642,
4,3.74,-2.036439,0,3.893561,
5,3.74,-9.02984,5.960464E-08,4.387765,
6,3.74,-9.793355,5.960464E-08,1.964248,
7,3.74,-10.16147,1.192093E-07,-0.523866,
1,3.76,3.898167E-10,0,3.898167E-10,
2,3.76,-1.840188,0,1.884609,
3,3.76,-1.499643,0,6.053696,
4,3.76,-2.046884,0,3.89645,
5,3.76,-9.027355,5.960464E-08,4.377029,
6,3.76,-9.793246,5.960464E-08,1.951134,
7,3.76,-10.16444,1.192093E-07,-0.5400639,
1,3.78,3.898167E-10,0,3.898167E-10,
2,3.78,-1.850705,0,1.880759,
3,3.78,-1.503157,0,6.056849,
4,3.78,-2.051765,0,3.898236,
5,3.78,-9.025791,5.960464E-08,4.371983,
6,3.78,-9.793166,5.960464E-08,1.944604,
7,3.78,-10.16629,1.192093E-07,-0.5485181,
1,3.8,3.898167E-10,0,3.898167E-10,
2,3.8,-1.865535,0,1.879262,
3,3.8,-1.515246,0,6.058093,
4,3.8,-2.064437,0,3.898897,
5,3.8,-9.025265,5.960464E-08,4.359289,
6,3.8,-9.79322,5.960464E-08,1.931328,
7,3.8,-10.16709,1.192093E-07,-0.5625467,
1,3.82,3.898167E-10,0,3.898167E-10,
2,3.82,-1.881863,0,1.876267,
3,3.82,-1.526092,0,6.06058,
4,3.82,-2.076452,0,3.900214,
5,3.82,-9.024099,5.960464E-08,4.347232,
6,3.82,-9.793223,5.960464E-08,1.918102,
7,3.82,-10.1686,1.192093E-07,-0.5772795,
1,3.84,3.898167E-10,0,3.898167E-10,
2,3.84,-1.899688,0,1.871776,
3,3.84,-1.535699,0,6.064307,
4,3.84,-2.08782,0,3.90218,
5,3.84,-9.022297,5.960464E-08,4.335813,
6,3.84,-9.793178,5.960464E-08,1.904926,
7,3.84,-10.17082,1.192093E-07,-0.5927147,
1,3.86,3.898167E-10,0,3.898167E-10,
2,3.86,-1.919,0,1.865797,
3,3.86,-1.54407,0,6.069269,
4,3.86,-2.098554,0,3.904779,
5,3.86,-9.019861,5.960464E-08,4.325028,
6,3.86,-9.793082,5.960464E-08,1.891799,
7,3.86,-10.17373,1.192093E-07,-0.6088491,
1,3.88,3.898167E-10,0,3.898167E-10,
2,3.88,-1.939785,0,1.858345,
3,3.88,-1.551213,0,6.075459,
4,3.88,-2.108673,0,3.907994,
5,3.88,-9.016794,5.960464E-08,4.314873,
6,3.88,-9.792937,5.960464E-08,1.878722,
7,3.88,-10.17734,1.192093E-07,-0.6256784,
1,3.9,3.898167E-10,0,3.898167E-10,
2,3.9,-1.96202,0,1.849443,
3,3.9,-1.557136,0,6.08287,
4,3.9,-2.1182,0,3.9118,
5,3.9,-9.013102,5.960464E-08,4.305345,
6,3.9,-9.792745,5.960464E-08,1.865694,
7,3.9,-10.18163,1.192093E-07,-0.643197,
1,3.92,3.898167E-10,0,3.898167E-10,
2,3.92,-1.985679,0,1.839118,
3,3.92,-1.56185,0,6.091489,
4,3.92,-2.127163,0,3.916171,
5,3.92,-9.008787,5.960464E-08,4.296438,
6,3.92,-9.792502,5.960464E-08,1.852714,
7,3.92,-10.18661,1.192093E-07,-0.6613984,
1,3.94,3.898167E-10,0,3.898167E-10,
2,3.94,-1.998203,0,1.833261,
3,3.94,-1.563609,0,6.096397,
4,3.94,-2.131378,0,3.918622,
5,3.94,-9.006322,5.960464E-08,4.292292,
6,3.94,-9.792358,5.960464E-08,1.846248,
7,3.94,-10.18944,1.192093E-07,-0.6708364,
1,3.96,3.898167E-10,0,3.898167E-10,
2,3.96,-2.012887,0,1.83191,
3,3.96,-1.57576,0,6.097579,
4,3.96,-2.144207,0,3.919127,
5,3.96,-9.005824,5.960464E-08,4.279567,
6,3.96,-9.792419,5.960464E-08,1.832964,
7,3.96,-10.19021,1.192093E-07,-0.6848271,
1,3.98,3.898167E-10,0,3.898167E-10,
2,3.98,-2.028922,0,1.829208,
3,3.98,-1.586729,0,6.099943,
4,3.98,-2.156538,0,3.920129,
5,3.98,-9.00472,5.960464E-08,4.267449,
6,3.98,-9.792439,5.960464E-08,1.819723,
7,3.98,-10.19164,1.192093E-07,-0.6994835,
1,4,3.898167E-10,0,3.898167E-10,
2,4,-2.046309,0,1.825155,
3,4,-1.596521,0,6.103484,
4,4,-2.168375,0,3.921625,
5,4,-9.003009,5.960464E-08,4.255939,
6,4,-9.792416,5.960464E-08,1.806525,
7,4,-10.19374,1.192093E-07,-0.7148041,
1,4.02,3.898167E-10,0,3.898167E-10,
2,4.02,-2.065039,0,1.819758,
3,4.02,-1.60514,0,6.108198,
4,4.02,-2.17973,0,3.923603,
5,4.02,-9.000693,5.960464E-08,4.245032,
6,4.02,-9.792349,5.960464E-08,1.793369,
7,4.02,-10.1965,1.192093E-07,-0.7307858,
1,4.04,3.898167E-10,0,3.898167E-10,
2,4.04,-2.085103,0,1.813028,
3,4.04,-1.612594,0,6.114077,
4,4.04,-2.190615,0,3.926052,
5,4.04,-8.997777,5.960464E-08,4.234727,
6,4.04,-9.79224,5.960464E-08,1.780256,
7,4.04,-10.19992,1.192093E-07,-0.7474252,
1,4.06,3.898167E-10,0,3.898167E-10,
2,4.06,-2.095792,0,1.809005,
3,4.06,-1.615743,0,6.117595,
4,4.06,-2.195831,0,3.927503,
5,4.06,-8.99602,5.960464E-08,4.229873,
6,4.06,-9.792165,5.960464E-08,1.773721,
7,4.06,-10.20196,1.192093E-07,-0.7560711,
1,4.08,3.898167E-10,0,3.898167E-10,
2,4.08,-2.11042,0,1.80771,
3,4.08,-1.627932,0,6.118739,
4,4.08,-2.208724,0,3.927943,
5,4.08,-8.99554,5.960464E-08,4.217133,
6,4.08,-9.79223,5.960464E-08,1.760434,
7,4.08,-10.20271,1.192093E-07,-0.7700423,
1,4.1,3.898167E-10,0,3.898167E-10,
2,4.1,-2.126342,0,1.805121,
3,4.1,-1.638977,0,6.121027,
4,4.1,-2.221184,0,3.928817,
5,4.1,-8.994466,5.960464E-08,4.204984,
6,4.1,-9.792256,5.960464E-08,1.747186,
7,4.1,-10.2041,1.192093E-07,-0.7846597,
1,4.12,3.898167E-10,0,3.898167E-10,
2,4.12,-2.143559,0,1.801238,
3,4.12,-1.648881,0,6.124455,
4,4.12,-2.233213,0,3.93012,
5,4.12,-8.992803,5.960464E-08,4.193425,
6,4.12,-9.792243,5.960464E-08,1.733978,
7,4.12,-10.20614,1.192093E-07,-0.7999218,
1,4.14,3.898167E-10,0,3.898167E-10,
2,4.14,-2.162064,0,1.796066,
3,4.14,-1.657651,0,6.12902,
4,4.14,-2.244822,0,3.931845,
5,4.14,-8.99055,5.960464E-08,4.182455,
6,4.14,-9.79219,5.960464E-08,1.720809,
7,4.14,-10.20882,1.192093E-07,-0.8158257,
1,4.16,3.898167E-10,0,3.898167E-10,
2,4.16,-2.171956,0,1.792841,
3,4.16,-1.661472,0,6.131866,
4,4.16,-2.250421,0,3.932913,
5,4.16,-8.989131,5.960464E-08,4.177263,
6,4.16,-9.792144,5.960464E-08,1.714244,
7,4.16,-10.21048,1.192093E-07,-0.8240969,
1,4.18,3.898167E-10,0,3.898167E-10,
2,4.18,-2.186552,0,1.791579,
3,4.18,-1.673687,0,6.132984,
4,4.18,-2.263352,0,3.933315,
5,4.18,-8.98866,5.960464E-08,4.164511,
6,4.18,-9.792211,5.960464E-08,1.700955,
7,4.18,-10.21122,1.192093E-07,-0.8380553,
1,4.2,3.898167E-10,0,3.898167E-10,
2,4.2,-2.202411,0,1.789052,
3,4.2,-1.684784,0,6.135221,
4,4.2,-2.275887,0,3.934113,
5,4.2,-8.987609,5.960464E-08,4.152341,
6,4.2,-9.792241,5.960464E-08,1.687703,
7,4.2,-10.21259,1.192093E-07,-0.852647,
1,4.22,3.898167E-10,0,3.898167E-10,
2,4.22,-2.219532,0,1.785264,
3,4.22,-1.694767,0,6.138571,
4,4.22,-2.288031,0,3.935302,
5,4.22,-8.985976,5.960464E-08,4.140751,
6,4.22,-9.792233,5.960464E-08,1.674488,
7,4.22,-10.21459,1.192093E-07,-0.8678705,
1,4.24,3.898167E-10,0,3.898167E-10,
2,4.24,-2.237911,0,1.780219,
3,4.24,-1.703641,0,6.14303,
4,4.24,-2.29979,0,3.936877,
5,4.24,-8.983766,5.960464E-08,4.129739,
6,4.24,-9.79219,5.960464E-08,1.66131,
7,4.24,-10.21722,1.192093E-07,-0.8837233,
1,4.26,3.898167E-10,0,3.898167E-10,
2,4.26,-2.257536,0,1.773928,
3,4.26,-1.711414,0,6.148591,
4,4.26,-2.311174,0,3.938826,
5,4.26,-8.980981,5.960464E-08,4.119302,
6,4.26,-9.792108,5.960464E-08,1.64817,
7,4.26,-10.22048,1.192093E-07,-0.9002019,
1,4.28,3.898167E-10,0,3.898167E-10,
2,4.28,-2.278393,0,1.766404,
3,4.28,-1.718094,0,6.155245,
4,4.28,-2.322195,0,3.941139,
5,4.28,-8.977624,5.960464E-08,4.109437,
6,4.28,-9.791989,5.960464E-08,1.635066,
7,4.28,-10.22436,1.192093E-07,-0.9173016,
1,4.3,3.898167E-10,0,3.898167E-10,
2,4.3,-2.300463,0,1.757667,
3,4.3,-1.723693,0,6.162979,
4,4.3,-2.332868,0,3.943799,
5,4.3,-8.973701,5.960464E-08,4.100139,
6,4.3,-9.791835,5.960464E-08,1.621999,
7,4.3,-10.22885,1.192093E-07,-0.9350172,
1,4.32,3.898167E-10,0,3.898167E-10,
2,4.32,-2.323725,0,1.747739,
3,4.32,-1.728223,0,6.171782,
4,4.32,-2.34321,0,3.94679,
5,4.32,-8.969214,5.960464E-08,4.091403,
6,4.32,-9.791644,5.960464E-08,1.608968,
7,4.32,-10.23396,1.192093E-07,-0.9533424,
1,4.34,3.898167E-10,0,3.898167E-10,
2,4.34,-2.348151,0,1.736646,
3,4.34,-1.731701,0,6.181637,
4,4.34,-2.353239,0,3.950095,
5,4.34,-8.964173,5.960464E-08,4.083222,
6,4.34,-9.791419,5.960464E-08,1.595973,
7,4.34,-10.23966,1.192093E-07,-0.97227,
1,4.36,3.898167E-10,0,3.898167E-10,
2,4.36,-2.360931,0,1.730532,
3,4.36,-1.732923,0,6.187082,
4,4.36,-2.358106,0,3.951894,
5,4.36,-8.961378,5.960464E-08,4.079406,
6,4.36,-9.791289,5.960464E-08,1.589492,
7,4.36,-10.24281,1.192093E-07,-0.9820309,
1,4.38,3.898167E-10,0,3.898167E-10,
2,4.38,-2.375367,0,1.72943,
3,4.38,-1.745238,0,6.1881,
4,4.38,-2.371162,0,3.952171,
5,4.38,-8.960947,5.960464E-08,4.066616,
6,4.38,-9.791364,5.960464E-08,1.576195,
7,4.38,-10.2435,1.192093E-07,-0.9959421,
1,4.4,3.898167E-10,0,3.898167E-10,
2,4.4,-2.390906,0,1.727224,
3,4.4,-1.756537,0,6.190134,
4,4.4,-2.383946,0,3.952722,
5,4.4,-8.959974,5.960464E-08,4.054367,
6,4.4,-9.791409,5.960464E-08,1.562928,
7,4.4,-10.24478,1.192093E-07,-1.010439,
1,4.42,3.898167E-10,0,3.898167E-10,
2,4.42,-2.407547,0,1.723916,
3,4.42,-1.766823,0,6.193182,
4,4.42,-2.396459,0,3.953541,
5,4.42,-8.958462,5.960464E-08,4.042658,
6,4.42,-9.791425,5.960464E-08,1.549691,
7,4.42,-10.24664,1.192093E-07,-1.025519,
1,4.44,3.898167E-10,0,3.898167E-10,
2,4.44,-2.425287,0,1.71951,
3,4.44,-1.776099,0,6.197239,
4,4.44,-2.408707,0,3.954627,
5,4.44,-8.956409,5.960464E-08,4.031489,
6,4.44,-9.791409,5.960464E-08,1.536484,
7,4.44,-10.24908,1.192093E-07,-1.037175,
1,4.46,3.898167E-10,0,3.898167E-10,
2,4.46,-2.444117,0,1.714012,
3,4.46,-1.784374,0,6.202297,
4,4.46,-2.420696,0,3.955971,
5,4.46,-8.953821,5.960464E-08,4.020855,
6,4.46,-9.791366,5.960464E-08,1.523307,
7,4.46,-10.2521,1.192093E-07,-1.039722,
1,4.48,3.898167E-10,0,3.898167E-10,
2,4.48,-2.464029,0,1.707434,
3,4.48,-1.791656,0,6.208349,
4,4.48,-2.432432,0,3.957568,
5,4.48,-8.950699,5.960464E-08,4.010755,
6,4.48,-9.79128,5.960464E-08,1.510171,
7,4.48,-10.2557,1.192093E-07,-1.039983,
1,4.5,3.898167E-10,0,3.898167E-10,
2,4.5,-2.485008,0,1.699789,
3,4.5,-1.797955,0,6.215384,
4,4.5,-2.443925,0,3.959409,
5,4.5,-8.947048,5.960464E-08,4.001184,
6,4.5,-9.791135,5.960464E-08,1.497094,
7,4.5,-10.25991,1.192093E-07,-1.040024,
1,4.52,3.898167E-10,0,3.898167E-10,
2,4.52,-2.507036,0,1.691094,
3,4.52,-1.803283,0,6.223389,
4,4.52,-2.455184,0,3.961483,
5,4.52,-8.942873,5.960464E-08,3.992138,
6,4.52,-9.790914,5.960464E-08,1.484094,
7,4.52,-10.26473,1.192093E-07,-1.040033,
1,4.54,3.898167E-10,0,3.898167E-10,
2,4.54,-2.530095,0,1.681368,
3,4.54,-1.807654,0,6.23235,
4,4.54,-2.466221,0,3.96378,
5,4.54,-8.938177,5.960464E-08,3.983613,
6,4.54,-9.790593,5.960464E-08,1.471193,
7,4.54,-10.27018,1.192093E-07,-1.040036,
1,4.56,3.898167E-10,0,3.898167E-10,
2,4.56,-2.554163,0,1.670633,
3,4.56,-1.811085,0,6.242253,
4,4.56,-2.477046,0,3.966288,
5,4.56,-8.932966,5.960464E-08,3.975601,
6,4.56,-9.790156,5.960464E-08,1.458409,
7,4.56,-10.27627,1.192093E-07,-1.040037,
1,4.58,3.898167E-10,0,3.898167E-10,
2,4.58,-2.579215,0,1.658915,
3,4.58,-1.813592,0,6.253079,
4,4.58,-2.487674,0,3.968993,
5,4.58,-8.927248,5.960464E-08,3.968098,
6,4.58,-9.78958,5.960464E-08,1.445763,
7,4.58,-10.28302,1.192093E-07,-1.040038,
1,4.6,3.898167E-10,0,3.898167E-10,
2,4.6,-2.605224,0,1.646239,
3,4.6,-1.815194,0,6.264812,
4,4.6,-2.498118,0,3.971883,
5,4.6,-8.921028,5.960464E-08,3.961097,
6,4.6,-9.788844,5.960464E-08,1.433277,
7,4.6,-10.29044,1.192093E-07,-1.040039,
1,4.62,3.898167E-10,0,3.898167E-10,
2,4.62,-2.632162,0,1.632635,
3,4.62,-1.81591,0,6.277429,
4,4.62,-2.508391,0,3.974943,
5,4.62,-8.914312,5.960464E-08,3.95459,
6,4.62,-9.787927,5.960464E-08,1.420972,
7,4.62,-10.29855,1.192093E-07,-1.04004,
1,4.64,3.898167E-10,0,3.898167E-10,
2,4.64,-2.659999,0,1.618131,
3,4.64,-1.815762,0,6.290911,
4,4.64,-2.518509,0,3.978158,
5,4.64,-8.907108,5.960464E-08,3.948572,
6,4.64,-9.786809,5.960464E-08,1.408869,
7,4.64,-10.30736,1.192093E-07,-1.04004,
1,4.66,3.898167E-10,0,3.898167E-10,
2,4.66,-2.688703,0,1.60276,
3,4.66,-1.814771,0,6.305235,
4,4.66,-2.528486,0,3.981514,
5,4.66,-8.899426,5.960464E-08,3.943033,
6,4.66,-9.785468,5.960464E-08,1.396989,
7,4.66,-10.31688,1.192093E-07,-1.040041,
1,4.68,3.898167E-10,0,3.898167E-10,
2,4.68,-2.703472,0,1.594657,
3,4.68,-1.813866,0,6.312807,
4,4.68,-2.533412,0,3.983255,
5,4.68,-8.895348,5.960464E-08,3.9405,
6,4.68,-9.784676,5.960464E-08,1.391171,
7,4.68,-10.322,1.192093E-07,-1.04002,
1,4.7,3.898167E-10,0,3.898167E-10,
2,4.7,-2.717607,0,1.593856,
3,4.7,-1.826404,0,6.313602,
4,4.7,-2.546628,0,3.983372,
5,4.7,-8.894995,5.960464E-08,3.927632,
6,4.7,-9.784521,5.960464E-08,1.378103,
7,4.7,-10.32284,1.192093E-07,-1.040607,
1,4.72,3.898167E-10,0,3.898167E-10,
2,4.72,-2.732544,0,1.592252,
3,4.72,-1.838147,0,6.315193,
4,4.72,-2.559733,0,3.9836,
5,4.72,-8.894176,5.960464E-08,3.915229,
6,4.72,-9.7841,5.960464E-08,1.365304,
7,4.72,-10.32443,1.192093E-07,-1.040202,
1,4.74,3.898167E-10,0,3.898167E-10,
2,4.74,-2.748284,0,1.589846,
3,4.74,-1.849097,0,6.317576,
4,4.74,-2.572727,0,3.98394,
5,4.74,-8.892895,5.960464E-08,3.90329,
6,4.74,-9.78339,5.960464E-08,1.352791,
7,4.74,-10.32678,1.192093E-07,-1.040082,
1,4.76,3.898167E-10,0,3.898167E-10,
2,4.76,-2.764824,0,1.58664,
3,4.76,-1.859258,0,6.320748,
4,4.76,-2.585611,0,3.984389,
5,4.76,-8.891148,5.960464E-08,3.891814,
6,4.76,-9.782375,5.960464E-08,1.340585,
7,4.76,-10.32992,1.192093E-07,-1.040054,
1,4.78,3.898167E-10,0,3.898167E-10,
2,4.78,-2.782161,0,1.582636,
3,4.78,-1.868635,0,6.324705,
4,4.78,-2.598387,0,3.984947,
5,4.78,-8.888939,5.960464E-08,3.880802,
6,4.78,-9.781036,5.960464E-08,1.328702,
7,4.78,-10.33386,1.192093E-07,-1.040048,
1,4.8,3.898167E-10,0,3.898167E-10,
2,4.8,-2.800291,0,1.577839,
3,4.8,-1.877234,0,6.329439,
4,4.8,-2.611055,0,3.985612,
5,4.8,-8.886267,5.960464E-08,3.870252,
6,4.8,-9.779356,5.960464E-08,1.317161,
7,4.8,-10.33862,1.192093E-07,-1.040048,
1,4.82,3.898167E-10,0,3.898167E-10,
2,4.82,-2.819206,0,1.572257,
3,4.82,-1.885062,0,6.334943,
4,4.82,-2.62362,0,3.986381,
5,4.82,-8.883135,5.960464E-08,3.860163,
6,4.82,-9.777317,5.960464E-08,1.305979,
7,4.82,-10.34421,1.192093E-07,-1.040048,
1,4.84,3.898167E-10,0,3.898167E-10,
2,4.84,-2.838898,0,1.565898,
3,4.84,-1.892129,0,6.34121,
4,4.84,-2.636082,0,3.987252,
5,4.84,-8.879541,5.960464E-08,3.850534,
6,4.84,-9.774902,5.960464E-08,1.295172,
7,4.84,-10.35064,1.192093E-07,-1.040049,
1,4.86,3.898167E-10,0,3.898167E-10,
2,4.86,-2.859359,0,1.558771,
3,4.86,-1.898444,0,6.348228,
4,4.86,-2.648444,0,3.988223,
5,4.86,-8.87549,5.960464E-08,3.841364,
6,4.86,-9.772097,5.960464E-08,1.284756,
7,4.86,-10.35794,1.192093E-07,-1.04005,
1,4.88,3.898167E-10,0,3.898167E-10,
2,4.88,-2.880575,0,1.550888,
3,4.88,-1.904019,0,6.355986,
4,4.88,-2.660711,0,3.98929,
5,4.88,-8.870981,5.960464E-08,3.832651,
6,4.88,-9.768887,5.960464E-08,1.274745,
7,4.88,-10.36611,1.192093E-07,-1.040051,
1,4.9,3.898167E-10,0,3.898167E-10,
2,4.9,-2.902535,0,1.542261,
3,4.9,-1.908866,0,6.364473,
4,4.9,-2.672884,0,3.990449,
5,4.9,-8.866016,5.960464E-08,3.824394,
6,4.9,-9.765257,5.960464E-08,1.265152,
7,4.9,-10.37516,1.192093E-07,-1.040051,
1,4.92,3.898167E-10,0,3.898167E-10,
2,4.92,-2.925225,0,1.532904,
3,4.92,-1.912998,0,6.373674,
4,4.92,-2.684969,0,3.991698,
5,4.92,-8.860598,5.960464E-08,3.816591,
6,4.92,-9.761198,5.960464E-08,1.255989,
7,4.92,-10.38511,1.192093E-07,-1.040052,
1,4.94,3.898167E-10,0,3.898167E-10,
2,4.94,-2.948631,0,1.522833,
3,4.94,-1.916429,0,6.383576,
4,4.94,-2.696969,0,3.993031,
5,4.94,-8.854727,5.960464E-08,3.80924,
6,4.94,-9.756699,5.960464E-08,1.247267,
7,4.94,-10.39596,1.192093E-07,-1.040053,
1,4.96,3.898167E-10,0,3.898167E-10,
2,4.96,-2.972734,0,1.512062,
3,4.96,-1.919174,0,6.394164,
4,4.96,-2.708888,0,3.994446,
5,4.96,-8.848404,5.960464E-08,3.802341,
6,4.96,-9.751749,5.960464E-08,1.238995,
7,4.96,-10.40772,1.192093E-07,-1.040053,
1,4.98,3.898167E-10,0,3.898167E-10,
2,4.98,-2.997519,0,1.50061,
3,4.98,-1.92125,0,6.405422,
4,4.98,-2.720729,0,3.995938,
5,4.98,-8.841633,5.960464E-08,3.795891,
6,4.98,-9.746344,5.960464E-08,1.231179,
7,4.98,-10.4204,1.192093E-07,-1.040053,

